id,nome,sobrenome,idade,email
1,Ursula,Costa,19,ursula.costa1@empresa.com.br
2,Paula,Barbosa,26,paula.barbosa2@exemplo.com
3,Xavier,Freitas,23,xavier.freitas3@datacorp.io
4,Giovana,Oliveira,19,giovana.oliveira4@exemplo.com
5,Natalia,Barbosa,50,natalia.barbosa5@datacorp.io
6,Bruno,Tavares,30,bruno.tavares6@datacorp.io
7,Fábio,Barbosa,46,fabio.barbosa7@datacorp.io
8,Sofia,Silva,66,sofia.silva8@mail.com
9,Yuri,Ribeiro,39,yuri.ribeiro9@empresa.com.br
10,João,Lima,66,joao.lima10@empresa.com.br
11,Gabriela,Ferreira,42,gabriela.ferreira11@exemplo.com
12,Beatriz,Vieira,56,beatriz.vieira12@empresa.com.br
13,Carlos,Duarte,52,carlos.duarte13@exemplo.com
14,Diego,Ferreira,53,diego.ferreira14@empresa.com.br
15,Ursula,Pinto,74,ursula.pinto15@empresa.com.br
16,Queila,Carvalho,63,queila.carvalho16@exemplo.com
17,Carlos,Barbosa,67,carlos.barbosa17@empresa.com.br
18,Felipe,Barbosa,73,felipe.barbosa18@exemplo.com
19,Diego,Melo,47,diego.melo19@empresa.com.br
20,Karla,Correia,40,karla.correia20@mail.com
21,Wagner,Melo,62,wagner.melo21@exemplo.com
22,Sabrina,Sales,28,sabrina.sales22@datacorp.io
23,Paula,Araújo,47,paula.araujo23@cooperativa.br
24,Sofia,Sales,62,sofia.sales24@datacorp.io
25,Otávio,Batista,71,otavio.batista25@exemplo.com
26,Otávio,Oliveira,69,otavio.oliveira26@empresa.com.br
27,Elisa,Melo,22,elisa.melo27@mail.com
28,Queila,Batista,31,queila.batista28@cooperativa.br
29,Elisa,Duarte,27,elisa.duarte29@empresa.com.br
30,Isabela,Rocha,65,isabela.rocha30@datacorp.io
31,Olivia,Dias,65,olivia.dias31@datacorp.io
32,Giovana,Cavalcante,43,giovana.cavalcante32@empresa.com.br
33,Otávio,Gomes,50,otavio.gomes33@cooperativa.br
34,Felipe,Santos,73,felipe.santos34@exemplo.com
35,João,Sales,28,joao.sales35@cooperativa.br
36,Sabrina,Rodrigues,42,sabrina.rodrigues36@cooperativa.br
37,Sabrina,Duarte,51,sabrina.duarte37@empresa.com.br
38,Pedro,Silva,61,pedro.silva38@exemplo.com
39,Xavier,Freitas,66,xavier.freitas39@empresa.com.br
40,Valentina,Moreira,25,valentina.moreira40@empresa.com.br
41,Giovana,Araújo,47,giovana.araujo41@exemplo.com
42,Rafael,Figueiredo,66,rafael.figueiredo42@mail.com
43,Matheus,Almeida,73,matheus.almeida43@empresa.com.br
44,Ursula,Figueiredo,56,ursula.figueiredo44@mail.com
45,João,Correia,66,joao.correia45@mail.com
46,Olivia,Barros,18,olivia.barros46@datacorp.io
47,Yasmin,Ramos,19,yasmin.ramos47@exemplo.com
48,Caio,Cardoso,33,caio.cardoso48@exemplo.com
49,Paula,Campos,23,paula.campos49@exemplo.com
50,Larissa,Rodrigues,66,larissa.rodrigues50@datacorp.io
51,Isabela,Gomes,60,isabela.gomes51@cooperativa.br
52,Pedro,Araújo,34,pedro.araujo52@datacorp.io
53,Sabrina,Ribeiro,31,sabrina.ribeiro53@datacorp.io
54,Yuri,Carvalho,63,yuri.carvalho54@empresa.com.br
55,Elisa,Correia,46,elisa.correia55@datacorp.io
56,Heitor,Costa,33,heitor.costa56@mail.com
57,Eduarda,Moreira,19,eduarda.moreira57@datacorp.io
58,Pedro,Barbosa,55,pedro.barbosa58@mail.com
59,Ana,Rodrigues,63,ana.rodrigues59@exemplo.com
60,Otávio,Rodrigues,75,otavio.rodrigues60@exemplo.com
61,Zeca,Rodrigues,50,zeca.rodrigues61@mail.com
62,Sofia,Ramos,31,sofia.ramos62@datacorp.io
63,Isabela,Campos,54,isabela.campos63@cooperativa.br
64,Paula,Rezende,69,paula.rezende64@cooperativa.br
65,Mariana,Almeida,24,mariana.almeida65@cooperativa.br
66,Beatriz,Ribeiro,44,beatriz.ribeiro66@cooperativa.br
67,Daniela,Almeida,21,daniela.almeida67@cooperativa.br
68,Zeca,Almeida,33,zeca.almeida68@mail.com
69,Mariana,Freitas,46,mariana.freitas69@mail.com
70,Giovana,Pereira,35,giovana.pereira70@cooperativa.br
71,Paula,Rodrigues,46,paula.rodrigues71@datacorp.io
72,Gabriela,Santos,59,gabriela.santos72@datacorp.io
73,Ana,Ferreira,66,ana.ferreira73@mail.com
74,Karla,Teixeira,49,karla.teixeira74@cooperativa.br
75,Natalia,Moura,75,natalia.moura75@exemplo.com
76,Karla,Monteiro,18,karla.monteiro76@cooperativa.br
77,Rafael,Duarte,36,rafael.duarte77@cooperativa.br
78,Yuri,Tavares,60,yuri.tavares78@cooperativa.br
79,João,Carvalho,36,joao.carvalho79@mail.com
80,Daniela,Cavalcante,65,daniela.cavalcante80@datacorp.io
81,Daniela,Batista,21,daniela.batista81@exemplo.com
82,Renato,Rezende,50,renato.rezende82@datacorp.io
83,Karla,Santos,50,karla.santos83@exemplo.com
84,Leonardo,Rodrigues,56,leonardo.rodrigues84@exemplo.com
85,Xavier,Rocha,43,xavier.rocha85@exemplo.com
86,Queila,Rocha,55,queila.rocha86@datacorp.io
87,Carlos,Pinto,23,carlos.pinto87@cooperativa.br
88,Wagner,Cavalcante,54,wagner.cavalcante88@datacorp.io
89,Yasmin,Dias,31,yasmin.dias89@empresa.com.br
90,Paula,Dias,43,paula.dias90@mail.com
91,Wagner,Cardoso,47,wagner.cardoso91@empresa.com.br
92,Eduarda,Silva,47,eduarda.silva92@datacorp.io
93,Queila,Almeida,22,queila.almeida93@datacorp.io
94,Natalia,Figueiredo,34,natalia.figueiredo94@mail.com
95,Beatriz,Rodrigues,74,beatriz.rodrigues95@mail.com
96,Caio,Nogueira,28,caio.nogueira96@cooperativa.br
97,Olivia,Cardoso,57,olivia.cardoso97@datacorp.io
98,Ana,Tavares,37,ana.tavares98@exemplo.com
99,Isabela,Dias,25,isabela.dias99@exemplo.com
100,Pedro,Martins,35,pedro.martins100@empresa.com.br
101,Sabrina,Lima,63,sabrina.lima101@empresa.com.br
102,Natalia,Sales,72,natalia.sales102@empresa.com.br
103,Matheus,Ramos,34,matheus.ramos103@exemplo.com
104,Felipe,Sales,45,felipe.sales104@empresa.com.br
105,Carlos,Silva,39,carlos.silva105@mail.com
106,Ursula,Dias,28,ursula.dias106@cooperativa.br
107,Pedro,Ribeiro,53,pedro.ribeiro107@exemplo.com
108,Henrique,Rodrigues,74,henrique.rodrigues108@mail.com
109,Olivia,Oliveira,71,olivia.oliveira109@empresa.com.br
110,Renato,Tavares,27,renato.tavares110@cooperativa.br
111,Isabela,Oliveira,37,isabela.oliveira111@empresa.com.br
112,Carlos,Vieira,31,carlos.vieira112@mail.com
113,Wagner,Almeida,40,wagner.almeida113@datacorp.io
114,Fábio,Pinto,65,fabio.pinto114@mail.com
115,Paula,Araújo,69,paula.araujo115@mail.com
116,Fábio,Souza,29,fabio.souza116@empresa.com.br
117,Fábio,Rocha,35,fabio.rocha117@mail.com
118,Yuri,Almeida,42,yuri.almeida118@exemplo.com
119,Júlia,Barbosa,30,julia.barbosa119@cooperativa.br
120,Beatriz,Cardoso,70,beatriz.cardoso120@mail.com
121,Otávio,Souza,60,otavio.souza121@mail.com
122,Elisa,Moreira,35,elisa.moreira122@exemplo.com
123,Sofia,Vieira,59,sofia.vieira123@datacorp.io
124,Elisa,Freitas,39,elisa.freitas124@exemplo.com
125,Henrique,Dias,29,henrique.dias125@datacorp.io
126,Rafael,Oliveira,24,rafael.oliveira126@datacorp.io
127,Giovana,Vieira,64,giovana.vieira127@empresa.com.br
128,Giovana,Nascimento,50,giovana.nascimento128@exemplo.com
129,Diego,Campos,30,diego.campos129@empresa.com.br
130,Carlos,Ribeiro,18,carlos.ribeiro130@datacorp.io
131,Olivia,Carvalho,41,olivia.carvalho131@cooperativa.br
132,Eduarda,Moreira,57,eduarda.moreira132@empresa.com.br
133,Wagner,Costa,64,wagner.costa133@empresa.com.br
134,Matheus,Cardoso,60,matheus.cardoso134@cooperativa.br
135,Yasmin,Moura,62,yasmin.moura135@empresa.com.br
136,Pedro,Gomes,30,pedro.gomes136@cooperativa.br
137,Wagner,Monteiro,61,wagner.monteiro137@mail.com
138,Tomás,Campos,37,tomas.campos138@cooperativa.br
139,Pedro,Silva,37,pedro.silva139@empresa.com.br
140,Natalia,Ribeiro,68,natalia.ribeiro140@datacorp.io
141,Sabrina,Batista,47,sabrina.batista141@cooperativa.br
142,Heitor,Lima,50,heitor.lima142@cooperativa.br
143,Karla,Ferreira,36,karla.ferreira143@datacorp.io
144,Wagner,Sales,57,wagner.sales144@empresa.com.br
145,Felipe,Rocha,61,felipe.rocha145@empresa.com.br
146,Otávio,Carvalho,27,otavio.carvalho146@exemplo.com
147,Carlos,Rocha,48,carlos.rocha147@datacorp.io
148,Eduarda,Duarte,44,eduarda.duarte148@datacorp.io
149,Mariana,Monteiro,49,mariana.monteiro149@cooperativa.br
150,Paula,Martins,59,paula.martins150@exemplo.com
151,Gabriela,Ribeiro,32,gabriela.ribeiro151@mail.com
152,Yuri,Barros,47,yuri.barros152@exemplo.com
153,Pedro,Rocha,72,pedro.rocha153@exemplo.com
154,Ícaro,Gomes,69,icaro.gomes154@cooperativa.br
155,Wagner,Barros,53,wagner.barros155@datacorp.io
156,Yasmin,Castro,57,yasmin.castro156@datacorp.io
157,Giovana,Tavares,46,giovana.tavares157@mail.com
158,Júlia,Castro,34,julia.castro158@mail.com
159,Ursula,Melo,67,ursula.melo159@datacorp.io
160,Larissa,Sales,33,larissa.sales160@empresa.com.br
161,Heitor,Rodrigues,63,heitor.rodrigues161@empresa.com.br
162,Paula,Melo,39,paula.melo162@empresa.com.br
163,Olivia,Ferreira,26,olivia.ferreira163@mail.com
164,Otávio,Monteiro,62,otavio.monteiro164@mail.com
165,Zuleica,Lima,22,zuleica.lima165@cooperativa.br
166,Fábio,Moreira,52,fabio.moreira166@cooperativa.br
167,Fábio,Santos,31,fabio.santos167@cooperativa.br
168,Diego,Cavalcante,62,diego.cavalcante168@exemplo.com
169,Queila,Monteiro,48,queila.monteiro169@exemplo.com
170,Beatriz,Cardoso,66,beatriz.cardoso170@cooperativa.br
171,Fábio,Freitas,65,fabio.freitas171@datacorp.io
172,Sabrina,Barbosa,49,sabrina.barbosa172@mail.com
173,Sofia,Ribeiro,49,sofia.ribeiro173@exemplo.com
174,Diego,Moreira,60,diego.moreira174@cooperativa.br
175,Karla,Duarte,26,karla.duarte175@datacorp.io
176,Olivia,Souza,43,olivia.souza176@datacorp.io
177,Queila,Souza,23,queila.souza177@cooperativa.br
178,Isabela,Duarte,29,isabela.duarte178@exemplo.com
179,Rafael,Monteiro,38,rafael.monteiro179@mail.com
180,Ícaro,Batista,39,icaro.batista180@cooperativa.br
181,Sofia,Teixeira,34,sofia.teixeira181@exemplo.com
182,Júlia,Souza,65,julia.souza182@datacorp.io
183,Daniela,Vieira,32,daniela.vieira183@exemplo.com
184,Valentina,Oliveira,66,valentina.oliveira184@exemplo.com
185,Paula,Carvalho,71,paula.carvalho185@exemplo.com
186,Tomás,Martins,33,tomas.martins186@mail.com
187,Júlia,Costa,54,julia.costa187@mail.com
188,Ícaro,Dias,67,icaro.dias188@empresa.com.br
189,Karla,Nascimento,56,karla.nascimento189@exemplo.com
190,Karla,Cardoso,24,karla.cardoso190@datacorp.io
191,Bruno,Cardoso,54,bruno.cardoso191@cooperativa.br
192,Elisa,Carvalho,22,elisa.carvalho192@datacorp.io
193,Yuri,Sales,33,yuri.sales193@exemplo.com
194,Yuri,Cardoso,72,yuri.cardoso194@datacorp.io
195,Henrique,Campos,68,henrique.campos195@exemplo.com
196,Beatriz,Freitas,45,beatriz.freitas196@empresa.com.br
197,Eduarda,Figueiredo,59,eduarda.figueiredo197@empresa.com.br
198,Ana,Teixeira,70,ana.teixeira198@cooperativa.br
199,Gabriela,Ribeiro,41,gabriela.ribeiro199@cooperativa.br
200,Zuleica,Martins,45,zuleica.martins200@mail.com
